datei,ressource,benutzer,herkunft,strings,zuletzt_utc
whatsnew/3.8.po,whatsnew--3_8,JystBreisgau,TM,2,2026-10-08 09:11
whatsnew/3.7.po,whatsnew--3_7,JystBreisgau,TM,2,2026-10-08 09:11
whatsnew/3.6.po,whatsnew--3_6,JystBreisgau,TM,2,2026-10-08 09:11
whatsnew/3.5.po,whatsnew--3_5,JystBreisgau,TM,3,2026-10-08 09:11
whatsnew/3.4.po,whatsnew--3_4,JystBreisgau,TM,2,2026-10-08 09:11
whatsnew/3.3.po,whatsnew--3_3,JystBreisgau,TM,2,2026-10-08 09:11
whatsnew/3.2.po,whatsnew--3_2,JystBreisgau,TM,3,2026-10-08 09:11
whatsnew/3.14.po,whatsnew--3_14,JystBreisgau,TM,1,2026-10-08 09:11
whatsnew/3.13.po,whatsnew--3_13,JystBreisgau,TM,2,2026-10-08 09:11
whatsnew/3.12.po,whatsnew--3_12,JystBreisgau,TM,1,2026-10-08 09:11
whatsnew/3.11.po,whatsnew--3_11,JystBreisgau,TM,1,2026-10-08 09:11
whatsnew/3.10.po,whatsnew--3_10,JystBreisgau,TM,2,2026-10-08 09:11
reference/simple_stmts.po,reference--simple_stmts,JystBreisgau,TM,3,2026-10-08 09:11
reference/datamodel.po,reference--datamodel,JystBreisgau,EDITOR,387,2026-10-08 09:11
reference/compound_stmts.po,reference--compound_stmts,JystBreisgau,TM,4,2026-10-08 09:11
library/tracemalloc.po,library--tracemalloc,JystBreisgau,TM,1,2026-10-08 09:11
library/traceback.po,library--traceback,JystBreisgau,TM,1,2026-10-08 09:11
library/sys.po,library--sys,JystBreisgau,TM,1,2026-10-08 09:11
library/select.po,library--select,JystBreisgau,TM,1,2026-10-08 09:11
library/inspect.po,library--inspect,JystBreisgau,TM,3,2026-10-08 09:11
glossary.po,glossary_,JystBreisgau,TM,7,2026-10-08 09:11
c-api/subinterpreters.po,c-api--subinterpreters,JystBreisgau,TM,3,2026-10-08 09:11
c-api/number.po,c-api--number,JystBreisgau,TM,3,2026-10-08 09:11
c-api/module.po,c-api--module,JystBreisgau,TM,6,2026-10-08 09:11
c-api/intro.po,c-api--intro,JystBreisgau,TM,1,2026-10-08 09:11
whatsnew/3.15.po,whatsnew--3_15,JystBreisgau,TM,1,2026-10-08 09:10
whatsnew/2.0.po,whatsnew--2_0,JystBreisgau,TM,1,2026-10-08 09:10
library/unicodedata.po,library--unicodedata,JystBreisgau,TM,2,2026-10-08 09:10
library/shelve.po,library--shelve,JystBreisgau,TM,2,2026-10-08 09:10
library/codecs.po,library--codecs,JystBreisgau,TM,1,2026-10-08 09:10
c-api/set.po,c-api--set,JystBreisgau,TM,1,2026-10-08 09:10
reference/lexical_analysis.po,reference--lexical_analysis,JystBreisgau,TM,1,2026-10-08 09:09
library/os.po,library--os,JystBreisgau,TM,1,2026-10-08 09:09
library/json.po,library--json,JystBreisgau,TM,1,2026-10-08 09:09
c-api/coro.po,c-api--coro,JystBreisgau,TM,1,2026-10-08 09:00
library/asyncio-task.po,library--asyncio-task,JystBreisgau,TM,1,2026-10-08 08:57
library/types.po,library--types,JystBreisgau,TM,3,2026-10-07 08:29
whatsnew/2.6.po,whatsnew--2_6,JystBreisgau,TM,1,2026-10-07 08:27
whatsnew/3.9.po,whatsnew--3_9,sba72,TM,1,2026-10-03 19:39
whatsnew/3.8.po,whatsnew--3_8,sba72,TM,1,2026-10-03 19:39
whatsnew/3.7.po,whatsnew--3_7,sba72,TM,1,2026-10-03 19:39
whatsnew/3.6.po,whatsnew--3_6,sba72,TM,1,2026-10-03 19:39
whatsnew/3.5.po,whatsnew--3_5,sba72,TM,1,2026-10-03 19:39
whatsnew/3.3.po,whatsnew--3_3,sba72,TM,1,2026-10-03 19:39
whatsnew/3.15.po,whatsnew--3_15,sba72,TM,2,2026-10-03 19:39
whatsnew/3.14.po,whatsnew--3_14,sba72,TM,2,2026-10-03 19:39
whatsnew/3.13.po,whatsnew--3_13,sba72,TM,3,2026-10-03 19:39
whatsnew/3.12.po,whatsnew--3_12,sba72,TM,2,2026-10-03 19:39
whatsnew/3.11.po,whatsnew--3_11,sba72,TM,1,2026-10-03 19:39
library/xml.etree.elementtree.po,library--xml_etree_elementtree,sba72,TM,2,2026-10-03 19:39
library/winsound.po,library--winsound,sba72,TM,1,2026-10-03 19:39
library/winreg.po,library--winreg,sba72,TM,2,2026-10-03 19:39
library/weakref.po,library--weakref,sba72,TM,1,2026-10-03 19:39
library/uuid.po,library--uuid,sba72,TM,1,2026-10-03 19:39
library/tkinter.ttk.po,library--tkinter_ttk,sba72,TM,10,2026-10-03 19:39
library/tkinter.po,library--tkinter,sba72,TM,1225,2026-10-03 19:39
library/tkinter.messagebox.po,library--tkinter_messagebox,sba72,TM,2,2026-10-03 19:39
library/termios.po,library--termios,sba72,TM,1,2026-10-03 19:39
library/ssl.po,library--ssl,sba72,TM,1,2026-10-03 19:39
library/socket.po,library--socket,sba72,TM,2,2026-10-03 19:39
library/shelve.po,library--shelve,sba72,TM,1,2026-10-03 19:39
library/readline.po,library--readline,sba72,TM,1,2026-10-03 19:39
library/pyexpat.po,library--pyexpat,sba72,TM,1,2026-10-03 19:39
library/pty.po,library--pty,sba72,TM,1,2026-10-03 19:39
library/pprint.po,library--pprint,sba72,TM,1,2026-10-03 19:39
library/pickle.po,library--pickle,sba72,TM,1,2026-10-03 19:39
library/math.po,library--math,sba72,TM,1,2026-10-03 19:39
library/lzma.po,library--lzma,sba72,TM,1,2026-10-03 19:39
library/logging.po,library--logging,sba72,TM,2,2026-10-03 19:39
library/itertools.po,library--itertools,sba72,TM,1,2026-10-03 19:39
library/importlib.metadata.po,library--importlib_metadata,sba72,TM,1,2026-10-03 19:39
library/http.cookies.po,library--http_cookies,sba72,TM,1,2026-10-03 19:39
library/hashlib.po,library--hashlib,sba72,TM,1,2026-10-03 19:39
library/faulthandler.po,library--faulthandler,sba72,TM,1,2026-10-03 19:39
library/decimal.po,library--decimal,sba72,TM,1,2026-10-03 19:39
library/datetime.po,library--datetime,sba72,TM,2,2026-10-03 19:39
library/curses.po,library--curses,sba72,TM,2,2026-10-03 19:39
library/copyreg.po,library--copyreg,sba72,TM,1,2026-10-03 19:39
library/cmath.po,library--cmath,sba72,TM,1,2026-10-03 19:39
library/asyncio-subprocess.po,library--asyncio-subprocess,sba72,TM,1,2026-10-03 19:39
library/argparse.po,library--argparse,sba72,TM,1,2026-10-03 19:39
glossary.po,glossary_,sba72,TM,1,2026-10-03 19:39
deprecations/pending-removal-in-3.20.po,deprecations--pending-removal-in-3_20,sba72,TM,2,2026-10-03 19:39
deprecations/index.po,deprecations--index,sba72,TM,2,2026-10-03 19:39
c-api/init_config.po,c-api--init_config,sba72,TM,1,2026-10-03 19:39
using/windows.po,using--windows,sba72,TM,1,2026-10-03 19:38
library/zipfile.po,library--zipfile,sba72,TM,1,2026-10-03 19:38
library/urllib.parse.po,library--urllib_parse,sba72,TM,4,2026-10-03 19:38
library/turtle.po,library--turtle,sba72,TM,1,2026-10-03 19:38
library/tomllib.po,library--tomllib,sba72,TM,1,2026-10-03 19:38
library/tkinter.font.po,library--tkinter_font,sba72,TM,1,2026-10-03 19:38
library/tk.po,library--tk,sba72,TM,1,2026-10-03 19:38
library/time.po,library--time,sba72,TM,4,2026-10-03 19:38
library/threading.po,library--threading,sba72,TM,1,2026-10-03 19:38
library/struct.po,library--struct,sba72,TM,2,2026-10-03 19:38
library/sqlite3.po,library--sqlite3,sba72,TM,5,2026-10-03 19:38
library/resource.po,library--resource,sba72,TM,1,2026-10-03 19:38
library/pwd.po,library--pwd,sba72,TM,4,2026-10-03 19:38
library/multiprocessing.po,library--multiprocessing,sba72,TM,1,2026-10-03 19:38
library/marshal.po,library--marshal,sba72,TM,3,2026-10-03 19:38
library/grp.po,library--grp,sba72,TM,4,2026-10-03 19:38
library/ftplib.po,library--ftplib,sba72,TM,1,2026-10-03 19:38
library/ctypes.po,library--ctypes,sba72,TM,2,2026-10-03 19:38
library/concurrent.interpreters.po,library--concurrent_interpreters,sba72,TM,2,2026-10-03 19:38
library/asyncio.po,library--asyncio,sba72,TM,2,2026-10-03 19:38
library/array.po,library--array,sba72,TM,2,2026-10-03 19:38
howto/regex.po,howto--regex,sba72,TM,4,2026-10-03 19:38
howto/free-threading-python.po,howto--free-threading-python,JystBreisgau,TM,1,2026-10-03 07:52
c-api/frame.po,c-api--frame,JystBreisgau,TM,1,2026-10-03 07:52
howto/functional.po,howto--functional,JystBreisgau,TM,1,2026-10-02 11:31
builtins/functions.po,builtins--functions,JystBreisgau,TM,1,2026-10-02 11:31
howto/index.po,howto--index,sba72,TM,30,2026-09-28 20:10
sphinx.po,sphinx,sba72,TM,1,2026-09-28 19:45
library/sys.po,library--sys,sba72,TM,1,2026-09-28 19:45
library/urllib.parse.po,library--urllib_parse,JystBreisgau,TM,1,2026-09-28 13:47
library/time.po,library--time,JystBreisgau,TM,1,2026-09-28 13:47
library/pwd.po,library--pwd,JystBreisgau,TM,1,2026-09-28 13:47
library/grp.po,library--grp,JystBreisgau,TM,1,2026-09-28 13:47
library/curses.po,library--curses,JystBreisgau,TM,1,2026-09-28 13:47
howto/curses.po,howto--curses,JystBreisgau,TM,1,2026-09-28 13:47
builtins/stdtypes.po,builtins--stdtypes,JystBreisgau,TM,1,2026-09-28 13:32
tutorial/datastructures.po,tutorial--datastructures,JystBreisgau,TM,2,2026-09-28 13:31
reference/datamodel.po,reference--datamodel,JystBreisgau,MT:DEEPL:DEFAULT,528,2026-09-26 11:10
